{
    "epoch": 10.0,
    "eval_accuracy": 0.7866505343819319,
    "eval_f1_actinic_keratoses": 0.669260700389105,
    "eval_f1_basal_cell_carcinoma": 0.8751486325802615,
    "eval_f1_benign_keratosis_like_lesions": 0.7937915742793792,
    "eval_f1_chickenpox": 0.9777777777777777,
    "eval_f1_cowpox": 0.9949238578680203,
    "eval_f1_dermatofibroma": 0.7532467532467533,
    "eval_f1_healthy": 0.9979296066252588,
    "eval_f1_hfmd": 0.9739130434782609,
    "eval_f1_macro": 0.8479267049917217,
    "eval_f1_measles": 0.9693251533742331,
    "eval_f1_melanocytic_nevi": 0.7523727351164797,
    "eval_f1_melanoma": 0.590215675960021,
    "eval_f1_micro": 0.7866505343819319,
    "eval_f1_monkeypox": 0.9871345029239766,
    "eval_f1_squamous_cell_carcinoma": 0.5471698113207547,
    "eval_f1_vascular_lesions": 0.9887640449438202,
    "eval_f1_weighted": 0.7968135553708828,
    "eval_loss": 0.3511131703853607,
    "eval_runtime": 412.5338,
    "eval_samples_per_second": 12.021,
    "eval_steps_per_second": 0.751,
    "total_flos": 0.0,
    "train_loss": 0.30096929403708167,
    "train_runtime": 54911.2343,
    "train_samples_per_second": 7.084,
    "train_steps_per_second": 0.221
}