{"test/loss":0.3511131703853607,"_timestamp":1.7492039459880438e+09,"eval/f1_weighted":0.7968135553708828,"eval/f1_hfmd":0.9739130434782609,"test/f1_hfmd":0.9739130434782609,"test/f1_basal_cell_carcinoma":0.8751486325802615,"test/f1_measles":0.9693251533742331,"_step":147,"train_samples_per_second":7.084,"eval/f1_melanoma":0.590215675960021,"train/grad_norm":0.29246845841407776,"train_loss":0.30096929403708167,"test/f1_squamous_cell_carcinoma":0.5471698113207547,"eval/f1_measles":0.9693251533742331,"test/f1_cowpox":0.9949238578680203,"test/f1_benign_keratosis_like_lesions":0.7937915742793792,"_wandb":{"runtime":55730},"eval/accuracy":0.7866505343819319,"test/f1_micro":0.7866505343819319,"eval/f1_melanocytic_nevi":0.7523727351164797,"train_runtime":54911.2343,"test/f1_dermatofibroma":0.7532467532467533,"test/accuracy":0.7866505343819319,"train_steps_per_second":0.221,"train/global_step":12160,"test/f1_melanocytic_nevi":0.7523727351164797,"test/f1_macro":0.8479267049917217,"test/f1_melanoma":0.590215675960021,"test/f1_chickenpox":0.9777777777777777,"eval/f1_squamous_cell_carcinoma":0.5471698113207547,"eval/f1_actinic_keratoses":0.669260700389105,"test/f1_vascular_lesions":0.9887640449438202,"test/runtime":403.4565,"eval/f1_vascular_lesions":0.9887640449438202,"eval/samples_per_second":12.021,"eval/f1_basal_cell_carcinoma":0.8751486325802615,"eval/f1_chickenpox":0.9777777777777777,"test/steps_per_second":0.768,"eval/f1_healthy":0.9979296066252588,"_runtime":55726.9004688,"eval/f1_cowpox":0.9949238578680203,"eval/loss":0.3511131703853607,"test/samples_per_second":12.291,"train/loss":0.0347,"test/f1_monkeypox":0.9871345029239766,"train/learning_rate":1.1149228130360206e-07,"total_flos":0,"eval/f1_macro":0.8479267049917217,"train/epoch":10,"test/f1_healthy":0.9979296066252588,"eval/f1_benign_keratosis_like_lesions":0.7937915742793792,"eval/steps_per_second":0.751,"test/f1_weighted":0.7968135553708828,"eval/f1_monkeypox":0.9871345029239766,"test/f1_actinic_keratoses":0.669260700389105,"eval/f1_micro":0.7866505343819319,"eval/runtime":412.5338,"eval/f1_dermatofibroma":0.7532467532467533}