{"eval/f1_healthy":0.9397590361445783,"eval/steps_per_second":0.84,"eval/f1_weighted":0.3572472724854719,"eval/runtime":369.0865,"_runtime":4634.7256785,"eval/f1_micro":0.39201451905626133,"eval/f1_basal_cell_carcinoma":0.41033434650455924,"eval/loss":0.583021879196167,"eval/f1_macro":0.5455043181429009,"eval/f1_actinic_keratoses":0.24333719582850522,"eval/f1_measles":0.8409090909090909,"eval/f1_chickenpox":0.7357142857142858,"eval/samples_per_second":13.436,"eval/f1_cowpox":0.8962264150943396,"_timestamp":1.7490825751332576e+09,"eval/f1_benign_keratosis-like-lesions":0.3518728717366629,"eval/f1_squamous_cell_carcinoma":0.028985507246376812,"_wandb":{"runtime":4638},"eval/f1_dermatofibroma":0.28865979381443296,"_step":5,"train/epoch":0.6169031462060457,"eval/f1_hfmd":0.9291784702549575,"eval/f1_vascular_lesions":0.75,"train/global_step":500,"train/learning_rate":9.960000000000001e-05,"eval/f1_melanocytic_nevi":0.11003521126760564,"train/loss":0.6815,"eval/f1_monkeypox":0.8233731739707836,"train/grad_norm":3.585573196411133,"eval/f1_melanoma":0.28867505551443373,"eval/accuracy":0.39201451905626133}